,person_id,player_name,season,round_number,round_pick,overall_pick,draft_type,team_id,team_city,team_name,team_abbreviation,organization,organization_type,player_profile_flag
1153,78497,Jerry West,1960,1,2,2,Draft,1610612747,Los Angeles,Lakers,LAL,West Virginia,College/University,1
1169,80161,Jim Hagan,1960,3,2,18,Draft,1610612747,Los Angeles,Lakers,LAL,Tennessee Tech,College/University,0
1177,80159,Wally Frank,1960,4,2,26,Draft,1610612747,Los Angeles,Lakers,LAL,Kansas State,College/University,0
1178,78458,Ben Warley,1960,4,3,27,Draft,1610612747,Los Angeles,Lakers,LAL,Tennessee State,College/University,1
1185,80157,George Farley,1960,5,2,34,Draft,1610612747,Los Angeles,Lakers,LAL,Cornell,College/University,0
1193,80160,Bobby Goodall,1960,6,2,42,Draft,1610612747,Los Angeles,Lakers,LAL,Tulsa,College/University,0
1201,77172,Howie Jolliff,1960,7,2,50,Draft,1610612747,Los Angeles,Lakers,LAL,Ohio,College/University,1
1208,80165,John Werhas,1960,8,2,57,Draft,1610612747,Los Angeles,Lakers,LAL,Southern California,College/University,0
1215,80164,Claude Lefevre,1960,9,2,64,Draft,1610612747,Los Angeles,Lakers,LAL,Gonzaga,College/University,0
1222,80162,Dick Harvey,1960,10,2,71,Draft,1610612747,Los Angeles,Lakers,LAL,Creighton,College/University,0
1227,80158,Sterling Forbes,1960,11,2,76,Draft,1610612747,Los Angeles,Lakers,LAL,Pepperdine,College/University,0
1232,80163,Will Jones,1960,12,2,81,Draft,1610612747,Los Angeles,Lakers,LAL,American,College/University,0
1256,78630,Wayne Yates,1961,1,5,5,Draft,1610612747,Los Angeles,Lakers,LAL,Memphis,College/University,1
1264,80227,Fred Sawyer,1961,2,4,13,Draft,1610612747,Los Angeles,Lakers,LAL,Louisville,College/University,0
1278,80221,Frank Burgess,1961,3,4,27,Draft,1610612747,Los Angeles,Lakers,LAL,Gonzaga,College/University,0
1287,80223,Charles Henke,1961,4,4,36,Draft,1610612747,Los Angeles,Lakers,LAL,Missouri,College/University,0
1296,80225,Bill Lickert,1961,5,4,45,Draft,1610612747,Los Angeles,Lakers,LAL,Kentucky,College/University,0
1305,80226,Bill McClintock,1961,6,4,54,Draft,1610612747,Los Angeles,Lakers,LAL,California,College/University,0
1314,80219,Albert Alamanza,1961,7,4,63,Draft,1610612747,Los Angeles,Lakers,LAL,Texas,College/University,0
1323,80222,Bill Ellis,1961,8,4,72,Draft,1610612747,Los Angeles,Lakers,LAL,California-Los Angeles,College/University,0
1331,80220,Carl Anderson,1961,9,4,80,Draft,1610612747,Los Angeles,Lakers,LAL,Oregon State,College/University,0
1338,80228,Robert Williams,1961,10,4,87,Draft,1610612747,Los Angeles,Lakers,LAL,Allan Hancock College,College/University,0
1346,80224,Howard Hunt,1961,11,4,95,Draft,1610612747,Los Angeles,Lakers,LAL,Duke,College/University,0
1364,76663,Leroy Ellis,1962,1,6,6,Draft,1610612747,Los Angeles,Lakers,LAL,St. John's (NY),College/University,1
1373,78526,Gene Wiley,1962,2,8,15,Draft,1610612747,Los Angeles,Lakers,LAL,Wichita State,College/University,1
1382,80295,John Green,1962,3,8,24,Draft,1610612747,Los Angeles,Lakers,LAL,California-Los Angeles,College/University,0
1391,80297,Jan Loudermilk,1962,4,8,33,Draft,1610612747,Los Angeles,Lakers,LAL,Southern Methodist,College/University,0
1400,80299,Art Whisnant,1962,5,8,42,Draft,1610612747,Los Angeles,Lakers,LAL,South Carolina,College/University,0
1409,80296,Bucky Keller,1962,6,8,51,Draft,1610612747,Los Angeles,Lakers,LAL,Virginia Tech,College/University,0
1426,80294,Bill Garner,1962,8,8,68,Draft,1610612747,Los Angeles,Lakers,LAL,Portland,College/University,0
1435,80298,Bill Matson,1962,9,8,77,Draft,1610612747,Los Angeles,Lakers,LAL,Minnesota,College/University,0
1467,78270,Roger Strickland,1963,1,7,7,Draft,1610612747,Los Angeles,Lakers,LAL,Jacksonville,College/University,1
1473,77270,Jim King,1963,2,5,13,Draft,1610612747,Los Angeles,Lakers,LAL,Tulsa,College/University,1
1476,76809,Mel Gibson,1963,2,8,16,Draft,1610612747,Los Angeles,Lakers,LAL,Western Carolina,College/University,1
1485,80366,Lyle Harger,1963,3,8,25,Draft,1610612747,Los Angeles,Lakers,LAL,Houston,College/University,0
1494,80367,Layton Johns,1963,4,8,34,Draft,1610612747,Los Angeles,Lakers,LAL,Auburn,College/University,0
1503,77200,Larry Jones,1963,5,8,43,Draft,1610612747,Los Angeles,Lakers,LAL,Toledo,College/University,1
1512,80369,Warren Salade,1963,6,8,52,Draft,1610612747,Los Angeles,Lakers,LAL,Westminster (PA),College/University,0
1521,80368,Gordie Martin,1963,7,8,61,Draft,1610612747,Los Angeles,Lakers,LAL,Southern California,College/University,0
1556,77687,Charles Nash,1964,2,5,12,Draft,1610612747,Los Angeles,Lakers,LAL,Kentucky,College/University,1
1565,80426,Tom Dose,1964,3,5,21,Draft,1610612747,Los Angeles,Lakers,LAL,Stanford,College/University,0
1574,76716,Hank Finkel,1964,4,5,30,Draft,1610612747,Los Angeles,Lakers,LAL,Dayton,College/University,1
1583,80427,John Savage,1964,5,5,39,Draft,1610612747,Los Angeles,Lakers,LAL,North Texas,College/University,0
1592,80425,Troy Collier,1964,6,5,48,Draft,1610612747,Los Angeles,Lakers,LAL,Utah State,College/University,0
1601,80423,Steve Anstett,1964,7,5,57,Draft,1610612747,Los Angeles,Lakers,LAL,Portland,College/University,0
1610,80424,Jay Buckley,1964,8,5,66,Draft,1610612747,Los Angeles,Lakers,LAL,Duke,College/University,0
1644,76983,Walt Hazzard,1964,0,0,0,Territorial,1610612747,Los Angeles,Lakers,LAL,California-Los Angeles,College/University,1
1661,76691,John Fairchild,1965,2,8,16,Draft,1610612747,Los Angeles,Lakers,LAL,Brigham Young,College/University,1
1670,76328,Jim Caldwell,1965,3,8,25,Draft,1610612747,Los Angeles,Lakers,LAL,Georgia Tech,College/University,1
1679,80496,Brooks Henderson,1965,4,8,34,Draft,1610612747,Los Angeles,Lakers,LAL,Florida,College/University,0
1688,80495,A.W. Davis,1965,5,8,43,Draft,1610612747,Los Angeles,Lakers,LAL,Tennessee,College/University,0
1697,80493,Theo Cruz,1965,6,8,52,Draft,1610612747,Los Angeles,Lakers,LAL,Seattle,College/University,0
1705,80494,Dwayne Cruze,1965,7,7,60,Draft,1610612747,Los Angeles,Lakers,LAL,Idaho State,College/University,0
1713,80499,George Unseld,1965,8,7,68,Draft,1610612747,Los Angeles,Lakers,LAL,Kansas,College/University,0
1719,80497,Marlbert Pradd,1965,9,6,74,Draft,1610612747,Los Angeles,Lakers,LAL,Dillard,College/University,0
1725,80498,Don Rae,1965,10,6,80,Draft,1610612747,Los Angeles,Lakers,LAL,Montana State,College/University,0
1731,80492,Bob Andrews,1965,11,6,86,Draft,1610612747,Los Angeles,Lakers,LAL,Alabama,College/University,0
1755,76832,Gail Goodrich,1965,0,0,0,Territorial,1610612747,Los Angeles,Lakers,LAL,California-Los Angeles,College/University,1
1773,80659,Randolph Mahaffey,1967,2,4,16,Draft,1610612747,Los Angeles,Lakers,LAL,Clemson,College/University,0
1780,80663,Dwight Smith,1967,3,4,23,Draft,1610612747,Los Angeles,Lakers,LAL,Western Kentucky,College/University,0
1792,76035,Cliff Anderson,1967,4,4,35,Draft,1610612747,Los Angeles,Lakers,LAL,Saint Joseph's,College/University,1
1804,80654,Joe Allen,1967,5,4,47,Draft,1610612747,Los Angeles,Lakers,LAL,Bradley,College/University,0
1816,80657,Gary Keller,1967,6,4,59,Draft,1610612747,Los Angeles,Lakers,LAL,Florida,College/University,0
1828,80664,Jamie Thompson,1967,7,4,71,Draft,1610612747,Los Angeles,Lakers,LAL,Wichita State,College/University,0
1840,80655,Don Carlos,1967,8,4,83,Draft,1610612747,Los Angeles,Lakers,LAL,Otterbein,College/University,0
1851,80660,Jay McMillon,1967,9,3,94,Draft,1610612747,Los Angeles,Lakers,LAL,Maryland,College/University,0
1862,80658,Don Kruze,1967,10,3,105,Draft,1610612747,Los Angeles,Lakers,LAL,Houston,College/University,0
1873,80662,Nick Pino,1967,11,3,116,Draft,1610612747,Los Angeles,Lakers,LAL,Kansas State,College/University,0
1884,80661,Ben Monroe,1967,12,4,127,Draft,1610612747,Los Angeles,Lakers,LAL,New Mexico,College/University,0
1894,80656,Gary Jones,1967,13,4,137,Draft,1610612747,Los Angeles,Lakers,LAL,Iowa,College/University,0
1930,77013,Bill Hewitt,1968,1,11,11,Draft,1610612747,Los Angeles,Lakers,LAL,Southern California,College/University,1
1964,76163,Ed Biedenbach,1968,4,9,45,Draft,1610612747,Los Angeles,Lakers,LAL,North Carolina State,College/University,1
1978,80790,Lou Shephard,1968,5,9,59,Draft,1610612747,Los Angeles,Lakers,LAL,Missouri State,College/University,0
1992,80662,Nick Pino,1968,6,9,73,Draft,1610612747,Los Angeles,Lakers,LAL,Kansas State,College/University,0
2006,80787,Dennis Hrcka,1968,7,9,87,Draft,1610612747,Los Angeles,Lakers,LAL,Hillsdale,College/University,0
2020,80792,John Smith,1968,8,9,101,Draft,1610612747,Los Angeles,Lakers,LAL,Colorado State-Pueblo,College/University,0
2034,80793,George Stone,1968,9,9,115,Draft,1610612747,Los Angeles,Lakers,LAL,Marshall,College/University,0
2048,80784,Charles Alford,1968,10,9,129,Draft,1610612747,Los Angeles,Lakers,LAL,East Carolina,College/University,0
2061,80791,Harry Singletary,1968,11,8,142,Draft,1610612747,Los Angeles,Lakers,LAL,Presbyterian,College/University,0
2074,80788,Reggie Lacefield,1968,12,8,155,Draft,1610612747,Los Angeles,Lakers,LAL,Western Michigan,College/University,0
2086,80789,Harvey Mumford,1968,13,7,167,Draft,1610612747,Los Angeles,Lakers,LAL,Montana State,College/University,0
2097,80786,John Godfrey,1968,14,7,178,Draft,1610612747,Los Angeles,Lakers,LAL,Abilene Christian,College/University,0
2106,76125,Johnny Baum,1968,15,6,187,Draft,1610612747,Los Angeles,Lakers,LAL,Temple,College/University,1
2114,80785,Mike Eberle,1968,16,6,195,Draft,1610612747,Los Angeles,Lakers,LAL,Wyoming,College/University,0
2145,77505,Willie McCarter,1969,1,12,12,Draft,1610612747,Los Angeles,Lakers,LAL,Drake,College/University,1
2148,77973,Rick Roberson,1969,1,15,15,Draft,1610612747,Los Angeles,Lakers,LAL,Cincinnati,College/University,1
2160,76788,Eldo Garrett,1969,2,12,27,Draft,1610612747,Los Angeles,Lakers,LAL,Southern Illinois,College/University,1
2202,77201,Wil Jones,1969,5,12,69,Draft,1610612747,Los Angeles,Lakers,LAL,Albany State (GA),College/University,1
2216,80941,Dick Grubar,1969,6,12,83,Draft,1610612747,Los Angeles,Lakers,LAL,North Carolina,College/University,0
2230,80942,Kari Liimbo,1969,7,12,97,Draft,1610612747,Los Angeles,Lakers,LAL,Brigham Young,College/University,0
2244,80945,Joe Smith,1969,8,12,111,Draft,1610612747,Los Angeles,Lakers,LAL,Oklahoma State,College/University,0
2258,80944,Jim Smith,1969,9,12,125,Draft,1610612747,Los Angeles,Lakers,LAL,Northern Illinois,College/University,0
2272,80938,Phil Argento,1969,10,12,139,Draft,1610612747,Los Angeles,Lakers,LAL,Kentucky,College/University,0
2286,80943,Ron Peret,1969,11,12,153,Draft,1610612747,Los Angeles,Lakers,LAL,Texas A&M,College/University,0
2299,80940,Jack Gillespie,1969,12,11,166,Draft,1610612747,Los Angeles,Lakers,LAL,Montana State,College/University,0
2311,80939,Mallory Chestnutt,1969,13,10,178,Draft,1610612747,Los Angeles,Lakers,LAL,Tuskegee,College/University,0
2320,76336,Mack Calvin,1969,14,8,187,Draft,1610612747,Los Angeles,Lakers,LAL,Southern California,College/University,1
2364,77554,Jim McMillian,1970,1,13,13,Draft,1610612747,Los Angeles,Lakers,LAL,Columbia,College/University,1
2381,77257,Ernie Killum,1970,2,13,30,Draft,1610612747,Los Angeles,Lakers,LAL,Stetson,College/University,1
2415,77591,Larry Mikan,1970,4,13,64,Draft,1610612747,Los Angeles,Lakers,LAL,Minnesota,College/University,1
2432,81105,John Fultz,1970,5,13,81,Draft,1610612747,Los Angeles,Lakers,LAL,Rhode Island,College/University,0
2449,81106,Jerry Kroll,1970,6,13,98,Draft,1610612747,Los Angeles,Lakers,LAL,Davidson,College/University,0
2466,81114,Willie Woods,1970,7,13,115,Draft,1610612747,Los Angeles,Lakers,LAL,Eastern Kentucky,College/University,0
2483,81107,Rick Mount,1970,8,13,132,Draft,1610612747,Los Angeles,Lakers,LAL,Purdue,College/University,0
2500,81108,Bobby Sands,1970,9,13,149,Draft,1610612747,Los Angeles,Lakers,LAL,Pepperdine,College/University,0
2517,81109,Kindell Stephens,1970,10,13,166,Draft,1610612747,Los Angeles,Lakers,LAL,Fisk,College/University,0
2532,81103,Bob Duklet,1970,11,11,181,Draft,1610612747,Los Angeles,Lakers,LAL,Boston College,College/University,0
2543,81112,Dewey Varner,1970,12,9,192,Draft,1610612747,Los Angeles,Lakers,LAL,Tuskegee,College/University,0
2553,81104,Garry Elliott,1970,13,9,202,Draft,1610612747,Los Angeles,Lakers,LAL,Washington,College/University,0
2563,80953,Ron Sanford,1970,14,9,212,Draft,1610612747,Los Angeles,Lakers,LAL,New Mexico,College/University,0
2572,81110,Will Teague,1970,15,8,221,Draft,1610612747,Los Angeles,Lakers,LAL,Youngstown State,College/University,0
2579,81113,Pete Walthour,1970,16,6,228,Draft,1610612747,Los Angeles,Lakers,LAL,Fort Valley State,College/University,0
2583,81111,Bob Thate,1970,17,3,232,Draft,1610612747,Los Angeles,Lakers,LAL,Occidental,College/University,0
2603,76402,Jim Cleamons,1971,1,13,13,Draft,1610612747,Los Angeles,Lakers,LAL,Ohio State,College/University,1
2654,76286,Roger Brown,1971,4,13,64,Draft,1610612747,Los Angeles,Lakers,LAL,Kansas,College/University,1
2671,81292,Lee Dedmon,1971,5,13,81,Draft,1610612747,Los Angeles,Lakers,LAL,North Carolina,College/University,0
2688,81290,Bill Brickhouse,1971,6,13,98,Draft,1610612747,Los Angeles,Lakers,LAL,Montana State,College/University,0
2705,81293,Gene Gathers,1971,7,13,115,Draft,1610612747,Los Angeles,Lakers,LAL,Bradley,College/University,0
2722,81289,Luke Adams,1971,8,13,132,Draft,1610612747,Los Angeles,Lakers,LAL,Lamar,College/University,0
2738,81291,Bob Cheeks,1971,9,12,148,Draft,1610612747,Los Angeles,Lakers,LAL,Whittier,College/University,0
2754,81294,Cliff Mosely,1971,10,12,164,Draft,1610612747,Los Angeles,Lakers,LAL,Quinnipiac,College/University,0
2840,76853,Travis Grant,1972,1,13,13,Draft,1610612747,Los Angeles,Lakers,LAL,Kentucky State,College/University,1
2843,77883,Jim Price,1972,2,3,16,Draft,1610612747,Los Angeles,Lakers,LAL,Louisville,College/University,1
2849,78267,Paul Stovall,1972,2,9,22,Draft,1610612747,Los Angeles,Lakers,LAL,Arizona State,College/University,1
2874,81264,Gregg Northington,1972,3,17,47,Draft,1610612747,Los Angeles,Lakers,LAL,Alabama State,College/University,0
2907,81401,Glen Summors,1972,5,17,80,Draft,1610612747,Los Angeles,Lakers,LAL,Gannon,College/University,0
2924,81455,Sam Simmons,1972,6,17,97,Draft,1610612747,Los Angeles,Lakers,LAL,Bradley,College/University,0
3030,78467,Kermit Washington,1973,1,5,5,Draft,1610612747,Los Angeles,Lakers,LAL,American,College/University,1
3048,81611,Billy Schaeffer,1973,2,5,23,Draft,1610612747,Los Angeles,Lakers,LAL,St. John's (NY),College/University,0
3056,76392,Jim Chones,1973,2,13,31,Draft,1610612747,Los Angeles,Lakers,LAL,Marquette,College/University,1
3059,81610,John Perry,1973,2,16,34,Draft,1610612747,Los Angeles,Lakers,LAL,Texas-Pan American,College/University,0
3093,81608,Larry Finch,1973,4,16,68,Draft,1610612747,Los Angeles,Lakers,LAL,Memphis,College/University,0
3109,81560,Kresimir Cosic,1973,5,15,84,Draft,1610612747,Los Angeles,Lakers,LAL,Brigham Young,College/University,0
3127,81607,David Brent,1973,6,16,102,Draft,1610612747,Los Angeles,Lakers,LAL,Jacksonville,College/University,0
3143,76978,Nate Hawthorne,1973,7,15,118,Draft,1610612747,Los Angeles,Lakers,LAL,Southern Illinois,College/University,1
3161,81609,Roy McPipe,1973,8,16,136,Draft,1610612747,Los Angeles,Lakers,LAL,Montana State,College/University,0
3248,78600,Brian Winters,1974,1,12,12,Draft,1610612747,Los Angeles,Lakers,LAL,South Carolina,College/University,1
3257,77290,Billy Knight,1974,2,3,21,Draft,1610612747,Los Angeles,Lakers,LAL,Pittsburgh,College/University,1
3284,81749,Jim Bradley,1974,3,12,48,Draft,1610612747,Los Angeles,Lakers,LAL,Northern Illinois,College/University,0
3303,81750,Ron de Vries,1974,4,13,67,Draft,1610612747,Los Angeles,Lakers,LAL,Illinois State,College/University,0
3320,81753,Seymour Reed,1974,5,12,84,Draft,1610612747,Los Angeles,Lakers,LAL,Bradley,College/University,0
3339,81752,Billy Morris,1974,6,13,103,Draft,1610612747,Los Angeles,Lakers,LAL,Saint Louis,College/University,0
3356,81754,Dennis Van Zant,1974,7,12,120,Draft,1610612747,Los Angeles,Lakers,LAL,Azusa Pacific,College/University,0
3375,81751,Bob Florence,1974,8,13,139,Draft,1610612747,Los Angeles,Lakers,LAL,Nevada-Las Vegas,College/University,0
3416,77586,Dave Meyers,1975,1,2,2,Draft,1610612747,Los Angeles,Lakers,LAL,California-Los Angeles,College/University,1
3422,76252,Junior Bridgeman,1975,1,8,8,Draft,1610612747,Los Angeles,Lakers,LAL,Louisville,College/University,1
3470,77325,Charles Kupec,1975,4,2,56,Draft,1610612747,Los Angeles,Lakers,LAL,Michigan,College/University,1
3488,81867,Charles Russell,1975,5,2,74,Draft,1610612747,Los Angeles,Lakers,LAL,Alabama,College/University,0
3506,76734,Don Ford,1975,6,2,92,Draft,1610612747,Los Angeles,Lakers,LAL,California-Santa Barbara,College/University,1
3524,81868,Rick Suttle,1975,7,2,110,Draft,1610612747,Los Angeles,Lakers,LAL,Kansas,College/University,0
3542,81866,Mike Cashman,1975,8,2,128,Draft,1610612747,Los Angeles,Lakers,LAL,Willamette,College/University,0
3609,78294,Earl Tatum,1976,2,4,21,Draft,1610612747,Los Angeles,Lakers,LAL,Marquette,College/University,1
3624,81985,Mike Dabney,1976,3,2,36,Draft,1610612747,Los Angeles,Lakers,LAL,Rutgers,College/University,0
3631,76005,Tom Abernethy,1976,3,9,43,Draft,1610612747,Los Angeles,Lakers,LAL,Indiana,College/University,1
3648,76259,Wayman Britt,1976,4,9,60,Draft,1610612747,Los Angeles,Lakers,LAL,Michigan,College/University,1
3683,81989,Ed Schweitzer,1976,6,9,95,Draft,1610612747,Los Angeles,Lakers,LAL,Stanford,College/University,0
3701,81987,Tommie Lipsey,1976,7,9,113,Draft,1610612747,Los Angeles,Lakers,LAL,Cal State-Los Angeles,College/University,0
3719,81986,Ed Gregg,1976,8,9,131,Draft,1610612747,Los Angeles,Lakers,LAL,Utah State,College/University,0
3737,81988,David Pickett,1976,9,9,149,Draft,1610612747,Los Angeles,Lakers,LAL,Louisiana-Monroe,College/University,0
3767,76350,Kenny Carr,1977,1,6,6,Draft,1610612747,Los Angeles,Lakers,LAL,North Carolina State,College/University,1
3776,76516,Brad Davis,1977,1,15,15,Draft,1610612747,Los Angeles,Lakers,LAL,Maryland,College/University,1
3783,77721,Norm Nixon,1977,1,22,22,Draft,1610612747,Los Angeles,Lakers,LAL,Duquesne,College/University,1
3807,229,James Edwards,1977,3,2,46,Draft,1610612747,Los Angeles,Lakers,LAL,Washington,College/University,1
3849,77983,Tony Robertson,1977,4,22,88,Draft,1610612747,Los Angeles,Lakers,LAL,West Virginia,College/University,1
3871,82097,John Robinson,1977,5,22,110,Draft,1610612747,Los Angeles,Lakers,LAL,Michigan,College/University,0
3892,82098,Grover Woolard,1977,6,21,131,Draft,1610612747,Los Angeles,Lakers,LAL,Murray State,College/University,0
3912,76941,Lars Hansen,1977,7,20,151,Draft,1610612747,Los Angeles,Lakers,LAL,Washington,College/University,1
3931,81927,Art Allen,1977,8,22,170,Draft,1610612747,Los Angeles,Lakers,LAL,Pepperdine,College/University,0
3957,76361,Ron Carter,1978,2,4,26,Draft,1610612747,Los Angeles,Lakers,LAL,Virginia Military Institute,College/University,1
3969,82204,Lew Massey,1978,2,16,38,Draft,1610612747,Los Angeles,Lakers,LAL,North Carolina-Charlotte,College/University,0
3991,76444,Michael Cooper,1978,3,16,60,Draft,1610612747,Los Angeles,Lakers,LAL,New Mexico,College/University,1
4013,82206,Harold Robertson,1978,4,16,82,Draft,1610612747,Los Angeles,Lakers,LAL,Lincoln (MO),College/University,0
4035,78307,Carlos Terry,1978,5,16,104,Draft,1610612747,Los Angeles,Lakers,LAL,Winston-Salem State,College/University,1
4057,82207,Kim Stewart,1978,6,16,126,Draft,1610612747,Los Angeles,Lakers,LAL,Washington,College/University,0
4078,82205,Larry Paige,1978,7,16,147,Draft,1610612747,Los Angeles,Lakers,LAL,Colorado State,College/University,0
4134,77142,Magic Johnson,1979,1,1,1,Draft,1610612747,Los Angeles,Lakers,LAL,Michigan State,College/University,1
4147,77040,Brad Holland,1979,1,14,14,Draft,1610612747,Los Angeles,Lakers,LAL,California-Los Angeles,College/University,1
4158,77432,Ollie Mack,1979,2,3,25,Draft,1610612747,Los Angeles,Lakers,LAL,East Carolina,College/University,1
4172,82342,Victor King,1979,2,17,39,Draft,1610612747,Los Angeles,Lakers,LAL,Louisiana Tech,College/University,0
4174,82345,Mark Young,1979,2,19,41,Draft,1610612747,Los Angeles,Lakers,LAL,Fairfield,College/University,0
4193,82341,Walter Daniels,1979,3,16,60,Draft,1610612747,Los Angeles,Lakers,LAL,Georgia,College/University,0
4212,82344,Ray White,1979,4,13,79,Draft,1610612747,Los Angeles,Lakers,LAL,Mississippi State,College/University,0
4214,82343,Ricky Reed,1979,4,15,81,Draft,1610612747,Los Angeles,Lakers,LAL,Temple,College/University,0
4366,77996,Wayne Robinson,1980,2,8,31,Draft,1610612747,Los Angeles,Lakers,LAL,Virginia Tech,College/University,1
4372,76355,Butch Carter,1980,2,14,37,Draft,1610612747,Los Angeles,Lakers,LAL,Indiana,College/University,1
4422,77100,Tony Jackson,1980,4,18,87,Draft,1610612747,Los Angeles,Lakers,LAL,Florida State,College/University,1
4426,82480,Ron Baxter,1980,4,22,91,Draft,1610612747,Los Angeles,Lakers,LAL,Texas,College/University,0
4449,82355,Rick Raivio,1980,5,22,114,Draft,1610612747,Los Angeles,Lakers,LAL,Portland,College/University,0
4472,82481,Odis Boddie,1980,6,22,137,Draft,1610612747,Los Angeles,Lakers,LAL,North Alabama,College/University,0
4513,82482,Melvin Hooker,1980,8,18,178,Draft,1610612747,Los Angeles,Lakers,LAL,Edinboro,College/University,0
4568,77530,Mike McGee,1981,1,19,19,Draft,1610612747,Los Angeles,Lakers,LAL,Michigan,College/University,1
4588,82636,Harvey Knuckles,1981,2,16,39,Draft,1610612747,Los Angeles,Lakers,LAL,Toledo,College/University,0
4591,82638,Elvis Rolle,1981,2,19,42,Draft,1610612747,Los Angeles,Lakers,LAL,Florida State,College/University,0
4600,82635,Zam Fredrick,1981,3,5,51,Draft,1610612747,Los Angeles,Lakers,LAL,South Carolina,College/University,0
4614,82634,Ron Cornelius,1981,3,19,65,Draft,1610612747,Los Angeles,Lakers,LAL,Pacific,College/University,0
4637,77541,Kevin McKenna,1981,4,19,88,Draft,1610612747,Los Angeles,Lakers,LAL,Creighton,College/University,1
4660,82641,Craig Watts,1981,5,19,111,Draft,1610612747,Los Angeles,Lakers,LAL,North Carolina State,College/University,0
4683,82639,Kevin Singleton,1981,6,19,134,Draft,1610612747,Los Angeles,Lakers,LAL,California,College/University,0
4706,82637,Larry Petty,1981,7,19,157,Draft,1610612747,Los Angeles,Lakers,LAL,Wisconsin,College/University,0
4728,82640,Jay Triano,1981,8,18,179,Draft,1610612747,Los Angeles,Lakers,LAL,Simon Fraser (CAN),College/University,0
4773,1460,James Worthy,1982,1,1,1,Draft,1610612747,Los Angeles,Lakers,LAL,North Carolina,College/University,1
4826,77203,Willie Jones,1982,3,8,54,Draft,1610612747,Los Angeles,Lakers,LAL,Vanderbilt,College/University,1
4839,82798,Mike Hackett,1982,3,21,67,Draft,1610612747,Los Angeles,Lakers,LAL,Jacksonville,College/University,0
4862,82799,Craig McCormick,1982,4,21,90,Draft,1610612747,Los Angeles,Lakers,LAL,Western Kentucky,College/University,0
4885,82800,Howard McNeill,1982,5,21,113,Draft,1610612747,Los Angeles,Lakers,LAL,Seton Hall,College/University,0
4908,82801,Lynden Rose,1982,6,21,136,Draft,1610612747,Los Angeles,Lakers,LAL,Houston,College/University,0
4931,82802,Maurice Williams,1982,7,21,159,Draft,1610612747,Los Angeles,Lakers,LAL,Southern California,College/University,0
4954,82796,Micah Blunt,1982,8,21,182,Draft,1610612747,Los Angeles,Lakers,LAL,Tulane,College/University,0
4975,82797,Tim Byrne,1982,9,19,203,Draft,1610612747,Los Angeles,Lakers,LAL,Rutgers,College/University,0
5066,82957,Orlando Phillips,1983,3,22,69,Draft,1610612747,Los Angeles,Lakers,LAL,Pepperdine,College/University,0
5089,82955,Terry Lewis,1983,4,22,92,Draft,1610612747,Los Angeles,Lakers,LAL,Mississippi State,College/University,0
5112,82954,Danny Dixon,1983,5,22,115,Draft,1610612747,Los Angeles,Lakers,LAL,Alabama A&M,College/University,0
5135,82958,Mark Steele,1983,6,22,138,Draft,1610612747,Los Angeles,Lakers,LAL,Colorado State,College/University,0
5158,82956,Ricky Mixon,1983,7,22,161,Draft,1610612747,Los Angeles,Lakers,LAL,Cal State-Fullerton,College/University,0
5246,77183,Earl Jones,1984,1,23,23,Draft,1610612747,Los Angeles,Lakers,LAL,District of Columbia,College/University,1
5292,83128,George Singleton,1984,3,22,69,Draft,1610612747,Los Angeles,Lakers,LAL,Furman,College/University,0
5315,83127,John Revelli,1984,4,22,92,Draft,1610612747,Los Angeles,Lakers,LAL,Stanford,College/University,0
5338,83124,Lance Berwald,1984,5,22,115,Draft,1610612747,Los Angeles,Lakers,LAL,North Dakota State,College/University,0
5361,83126,Keith Jones,1984,6,22,138,Draft,1610612747,Los Angeles,Lakers,LAL,Stanford,College/University,0
5384,83125,Richard Haenisch,1984,7,22,161,Draft,1610612747,Los Angeles,Lakers,LAL,Chaminade,College/University,0
5474,920,A.C. Green,1985,1,23,23,Draft,1610612747,Los Angeles,Lakers,LAL,Oregon State,College/University,1
5543,78140,Dexter Shouse,1985,4,22,92,Draft,1610612747,Los Angeles,Lakers,LAL,South Alabama,College/University,1
5566,83284,Timo Saarelainen,1985,5,22,115,Draft,1610612747,Los Angeles,Lakers,LAL,Brigham Young,College/University,0
5589,83283,Tony Neal,1985,6,22,138,Draft,1610612747,Los Angeles,Lakers,LAL,Cal State-Fullerton,College/University,0
5612,83282,Keith Cleplicki,1985,7,22,161,Draft,1610612747,Los Angeles,Lakers,LAL,William & Mary,College/University,0
5636,83377,Ken Barlow,1986,1,23,23,Draft,1610612747,Los Angeles,Lakers,LAL,Notre Dame,College/University,0
5682,78377,Andre Turner,1986,3,22,69,Draft,1610612747,Los Angeles,Lakers,LAL,Memphis,College/University,1
5705,83378,Dale Blaney,1986,4,22,92,Draft,1610612747,Los Angeles,Lakers,LAL,West Virginia,College/University,0
5728,83381,Roger Harden,1986,5,22,115,Draft,1610612747,Los Angeles,Lakers,LAL,Kentucky,College/University,0
5751,83380,Walter Downing,1986,6,22,138,Draft,1610612747,Los Angeles,Lakers,LAL,Marquette,College/University,0
5774,83379,Mark Coleman,1986,7,22,161,Draft,1610612747,Los Angeles,Lakers,LAL,Mississippi Valley State,College/University,0
5844,83472,Willie Glass,1987,3,23,69,Draft,1610612747,Los Angeles,Lakers,LAL,St. John's (NY),College/University,0
5867,83473,Ralph Tally,1987,4,23,92,Draft,1610612747,Los Angeles,Lakers,LAL,Norfolk State,College/University,0
5890,83474,Kenny Travis,1987,6,1,115,Draft,1610612747,Los Angeles,Lakers,LAL,New Mexico State,College/University,0
5913,83471,Frank Ford,1987,6,24,138,Draft,1610612747,Los Angeles,Lakers,LAL,Auburn,College/University,0
5936,83475,Ron Vanderschaaf,1987,7,23,161,Draft,1610612747,Los Angeles,Lakers,LAL,Central Washington,College/University,0
5961,77970,David Rivers,1988,1,25,25,Draft,1610612747,Los Angeles,Lakers,LAL,Notre Dame,College/University,1
6037,124,Vlade Divac,1989,1,26,26,Draft,1610612747,Los Angeles,Lakers,LAL,KK Partizan (Serbia),Other Team/Club,1
6092,922,Elden Campbell,1990,1,27,27,Draft,1610612747,Los Angeles,Lakers,LAL,Clemson,College/University,1
6116,380,Tony Smith,1990,2,24,51,Draft,1610612747,Los Angeles,Lakers,LAL,Marquette,College/University,1
6171,83586,Anthony Jones,1991,2,25,52,Draft,1610612747,Los Angeles,Lakers,LAL,Oral Roberts,College/University,0
6188,324,Anthony Peeler,1992,1,15,15,Draft,1610612747,Los Angeles,Lakers,LAL,Missouri,College/University,1
6209,1030,Duane Cooper,1992,2,9,36,Draft,1610612747,Los Angeles,Lakers,LAL,Southern California,College/University,1
6239,248,George Lynch,1993,1,12,12,Draft,1610612747,Los Angeles,Lakers,LAL,North Carolina,College/University,1
6264,89,Nick Van Exel,1993,2,10,37,Draft,1610612747,Los Angeles,Lakers,LAL,Cincinnati,College/University,1
6291,224,Eddie Jones,1994,1,10,10,Draft,1610612747,Los Angeles,Lakers,LAL,Temple,College/University,1
6372,701,Frankie King,1995,2,8,37,Draft,1610612747,Los Angeles,Lakers,LAL,Western Carolina,College/University,1
6417,965,Derek Fisher,1996,1,24,24,Draft,1610612747,Los Angeles,Lakers,LAL,Arkansas-Little Rock,College/University,1
6502,1545,DeJuan Wheat,1997,2,23,51,Draft,1610612747,Los Angeles,Lakers,LAL,Louisville,College/University,1
6504,1547,Paul Rogers,1997,2,25,53,Draft,1610612747,Los Angeles,Lakers,LAL,Gonzaga,College/University,0
6534,1734,Sam Jacobson,1998,1,26,26,Draft,1610612747,Los Angeles,Lakers,LAL,Minnesota,College/University,1
6539,1739,Ruben Patterson,1998,2,2,31,Draft,1610612747,Los Angeles,Lakers,LAL,Cincinnati,College/University,1
6553,1753,Toby Bailey,1998,2,16,45,Draft,1610612747,Los Angeles,Lakers,LAL,California-Los Angeles,College/University,1
6589,1904,Devean George,1999,1,23,23,Draft,1610612747,Los Angeles,Lakers,LAL,Augsburg,College/University,1
6596,1911,John Celestand,1999,2,1,30,Draft,1610612747,Los Angeles,Lakers,LAL,Villanova,College/University,1
6653,2058,Mark Madsen,2000,1,29,29,Draft,1610612747,Los Angeles,Lakers,LAL,Stanford,College/University,1
6766,2423,Chris Jefferies,2002,1,27,27,Draft,1610612747,Los Angeles,Lakers,LAL,Fresno State,College/University,1
6820,2567,Brian Cook,2003,1,24,24,Draft,1610612747,Los Angeles,Lakers,LAL,Illinois,College/University,1
6828,2575,Luke Walton,2003,2,3,32,Draft,1610612747,Los Angeles,Lakers,LAL,Arizona,College/University,1
6881,2756,Sasha Vujacic,2004,1,27,27,Draft,1610612747,Los Angeles,Lakers,LAL,Pallalcesto Amatori Udine (Italy),Other Team/Club,1
6910,2785,Marcus Douthit,2004,2,27,56,Draft,1610612747,Los Angeles,Lakers,LAL,Providence,College/University,0
6923,101115,Andrew Bynum,2005,1,10,10,Draft,1610612747,Los Angeles,Lakers,LAL,Saint Joseph,High School,1
6950,101142,Ronny Turiaf,2005,2,7,37,Draft,1610612747,Los Angeles,Lakers,LAL,Gonzaga,College/University,1
6952,101144,Von Wafer,2005,2,9,39,Draft,1610612747,Los Angeles,Lakers,LAL,Florida State,College/University,1
6999,200770,Jordan Farmar,2006,1,26,26,Draft,1610612747,Los Angeles,Lakers,LAL,California-Los Angeles,College/University,1
7024,200798,Cheikh Samb,2006,2,21,51,Draft,1610612747,Los Angeles,Lakers,LAL,CB Cornella (Spain),Other Team/Club,1
7052,201159,Javaris Crittenton,2007,1,19,19,Draft,1610612747,Los Angeles,Lakers,LAL,Georgia Tech,College/University,1
7073,201180,Sun Sun,2007,2,10,40,Draft,1610612747,Los Angeles,Lakers,LAL,Beijing Olympians (China),Other Team/Club,1
7081,201188,Marc Gasol,2007,2,18,48,Draft,1610612747,Los Angeles,Lakers,LAL,CB Sant Josep (Spain),Other Team/Club,1
7151,201621,Joe Crawford,2008,2,28,58,Draft,1610612747,Los Angeles,Lakers,LAL,Kentucky,College/University,1
7182,201962,Toney Douglas,2009,1,29,29,Draft,1610612747,Los Angeles,Lakers,LAL,Florida State,College/University,1
7195,201976,Patrick Beverley,2009,2,12,42,Draft,1610612747,Los Angeles,Lakers,LAL,BC Dnipro (Ukraine),Other Team/Club,1
7212,201992,Chinemelu Elonu,2009,2,29,59,Draft,1610612747,Los Angeles,Lakers,LAL,Texas A&M,College/University,0
7256,202365,Devin Ebanks,2010,2,13,43,Draft,1610612747,Los Angeles,Lakers,LAL,West Virginia,College/University,1
7271,202382,Derrick Caracter,2010,2,28,58,Draft,1610612747,Los Angeles,Lakers,LAL,Texas-El Paso,College/University,1
7314,202721,Darius Morris,2011,2,11,41,Draft,1610612747,Los Angeles,Lakers,LAL,Michigan,College/University,1
7319,202726,Andrew Goudelock,2011,2,16,46,Draft,1610612747,Los Angeles,Lakers,LAL,College of Charleston,College/University,1
7329,202624,Chukwudiebere Maduabum,2011,2,26,56,Draft,1610612747,Los Angeles,Lakers,LAL,Bakersfield Jam (D-League),Other Team/Club,0
7331,202736,Ater Majok,2011,2,28,58,Draft,1610612747,Los Angeles,Lakers,LAL,Gold Coast Blaze (Australia),Other Team/Club,0
7393,203135,Robert Sacre,2012,2,30,60,Draft,1610612747,Los Angeles,Lakers,LAL,Gonzaga,College/University,1
7441,203527,Ryan Kelly,2013,2,18,48,Draft,1610612747,Los Angeles,Lakers,LAL,Duke,College/University,1
7455,1626156,D'Angelo Russell,2015,1,2,2,Draft,1610612747,Los Angeles,Lakers,LAL,Ohio State,College/University,1
7480,1626204,Larry Nance Jr.,2015,1,27,27,Draft,1610612747,Los Angeles,Lakers,LAL,Wyoming,College/University,1
7487,1626148,Anthony Brown,2015,2,4,34,Draft,1610612747,Los Angeles,Lakers,LAL,Stanford,College/University,1
7515,1627742,Brandon Ingram,2016,1,2,2,Draft,1610612747,Los Angeles,Lakers,LAL,Duke,College/University,1
7545,1627826,Ivica Zubac,2016,2,2,32,Draft,1610612747,Los Angeles,Lakers,LAL,KK Mega Vizura,Other Team/Club,1
7575,1628366,Lonzo Ball,2017,1,2,2,Draft,1610612747,Los Angeles,Lakers,LAL,California-Los Angeles,College/University,1
7601,1628396,Tony Bradley,2017,1,28,28,Draft,1610612747,Los Angeles,Lakers,LAL,North Carolina,College/University,1
7658,1629021,Moritz Wagner,2018,1,25,25,Draft,1610612747,Los Angeles,Lakers,LAL,Michigan,College/University,1
7680,1629004,Svi Mykhailiuk,2018,2,17,47,Draft,1610612747,Los Angeles,Lakers,LAL,Kansas,College/University,1
7697,1629631,De'Andre Hunter,2019,1,4,4,Draft,1610612747,Los Angeles,Lakers,LAL,Virginia,College/University,1
7781,1630183,Jaden McDaniels,2020,1,28,28,Draft,1610612747,Los Angeles,Lakers,LAL,Washington,College/University,1
7835,1630543,Isaiah Jackson,2021,1,22,22,Draft,1610612747,Los Angeles,Lakers,LAL,Kentucky,College/University,1
7908,1631108,Max Christie,2022,2,5,35,Draft,1610612747,Los Angeles,Lakers,LAL,Michigan State,College/University,1
7948,1641720,Jalen Hood-Schifino,2023,1,17,17,Draft,1610612747,Los Angeles,Lakers,LAL,Indiana,College/University,1
7978,1631340,Mojave King,2023,2,17,47,Draft,1610612747,Los Angeles,Lakers,LAL,Ignite (G League),Other Team/Club,1
